Name,Elo,Odm_off,Off,Odm_def,Def
Afghanistan,1252.5848586782865,0.994453223859332,0.994453223859332,-1.158887715472379,-1.158887715472379
Albania,1588.9421873859856,1.4716895442383655,1.4716895442383655,-1.7010539199897599,-1.7010539199897599
Algeria,1659.8818771221027,1.7517701439352393,1.7517701439352393,-1.9306992077062708,-1.9306992077062708
American Samoa,1400.0,0.7,0.7,-2.1,-2.1
Andorra,1195.3012837488757,1.081821116362603,1.081821116362603,-1.3291444794641336,-1.3291444794641336
Angola,1458.496435251392,1.5819555239787135,1.5819555239787135,-1.7628849541573848,-1.7628849541573848
Anguilla,1168.2048343335402,0.3909968128910985,0.3909968128910985,-0.5021398181711328,-0.5021398181711328
Antigua and Barbuda,1305.6658340289646,0.6227063323842492,0.6227063323842492,-0.7976190917296188,-0.7976190917296188
Argentina,1965.157276116902,1.8597895470905477,1.8597895470905477,-2.0362429486958997,-2.0362429486958997
Armenia,1437.8105166121823,1.2846286301783583,1.2846286301783583,-1.3686057424899527,-1.3686057424899527
Aruba,1284.4236831907758,0.7931739512209119,0.7931739512209119,-0.858124333338979,-0.858124333338979
Australia,1747.0669232767743,1.6510872282220441,1.6510872282220441,-1.8194560886951436,-1.8194560886951436
Austria,1749.2380796592397,1.666834640237861,1.666834640237861,-1.8147901043173738,-1.8147901043173738
Azerbaijan,1406.9126633538428,1.2835843220284726,1.2835843220284726,-1.3928712622096115,-1.3928712622096115
Bahamas,1211.6067023937483,0.4810906276579458,0.4810906276579458,-0.4684653306222758,-0.4684653306222758
Bahrain,1502.7447218982327,1.3420003881222484,1.3420003881222484,-1.4901737185986301,-1.4901737185986301
Bangladesh,1206.7479548553388,0.9485955825580398,0.9485955825580398,-1.1534214275753922,-1.1534214275753922
Barbados,1281.5586155321316,0.7525220238326739,0.7525220238326739,-0.7578805863610459,-0.7578805863610459
Belarus,1493.9917268168979,1.4016282541872838,1.4016282541872838,-1.556887131657902,-1.556887131657902
Belgium,1816.9001011408882,1.7358831215784918,1.7358831215784918,-1.7980941831004766,-1.7980941831004766
Belize,1344.7512326408569,0.8617740711319497,0.8617740711319497,-0.9179839478959417,-0.9179839478959417
Benin,1389.0429273035968,1.5009973520007929,1.5009973520007929,-1.70240559269451,-1.70240559269451
Bermuda,1379.2709445685448,0.9551553419085281,0.9551553419085281,-0.9835039309177935,-0.9835039309177935
Bhutan,1076.122621935011,0.7216847503766759,0.7216847503766759,-0.8019842156266239,-0.8019842156266239
Bolivia,1570.6776405950236,1.434378760821494,1.434378760821494,-1.6105908985194928,-1.6105908985194928
Bonaire,1296.7834622512005,0.6357913266687958,0.6357913266687958,-0.7203783568807035,-0.7203783568807035
Bosnia and Herzegovina,1589.4531852933787,1.5017677804178107,1.5017677804178107,-1.6168987850663106,-1.6168987850663106
Botswana,1289.4907819293269,1.367417826811788,1.367417826811788,-1.556111837468899,-1.556111837468899
Brazil,1885.6569115426237,1.8120969945582555,1.8120969945582555,-1.9533155672000047,-1.9533155672000047
British Virgin Islands,1163.091643634277,0.5126469828481363,0.5126469828481363,-0.666794505575419,-0.666794505575419
Brunei,1092.1760723131335,0.6626661877201865,0.6626661877201865,-0.7646240156801488,-0.7646240156801488
Bulgaria,1508.2460293440472,1.388202994674435,1.388202994674435,-1.4793844838723536,-1.4793844838723536
Burkina Faso,1494.2542118240142,1.6245925515722155,1.6245925515722155,-1.7738617767839442,-1.7738617767839442
Burundi,1287.4023286712554,1.4151587007608135,1.4151587007608135,-1.623372269607385,-1.623372269607385
Cambodia,1160.1661669699902,0.9469099104759033,0.9469099104759033,-1.042642876586499,-1.042642876586499
Cameroon,1561.7075183413078,1.602970666671365,1.602970666671365,-1.8193728742408488,-1.8193728742408488
Canada,1741.3044372731063,1.5544982362288444,1.5544982362288444,-1.8044615375326993,-1.8044615375326993
Cape Verde,1489.2090323962873,1.5897535739668303,1.5897535739668303,-1.7481337668159627,-1.7481337668159627
Cayman Islands,1258.5281758127521,0.5434054365042348,0.5434054365042348,-0.7180575196754894,-0.7180575196754894
Central African Republic,1252.292120956736,1.366074829197589,1.366074829197589,-1.474136085966027,-1.474136085966027
Chad,1170.4084211340094,1.241223450820016,1.241223450820016,-1.3548500185232066,-1.3548500185232066
Chile,1672.2780917103846,1.5668447309365177,1.5668447309365177,-1.718943209599749,-1.718943209599749
China,1516.9072006329368,1.3322938141640774,1.3322938141640774,-1.5287104506443678,-1.5287104506443678
Colombia,1855.0349374912885,1.820634762946851,1.820634762946851,-1.9211593028796095,-1.9211593028796095
Comoros,1352.637302602384,1.4287174321485376,1.4287174321485376,-1.6927683705339127,-1.6927683705339127
Congo,1279.7797519961832,1.3635858677274535,1.3635858677274535,-1.5109348413318442,-1.5109348413318442
Cook Islands,1246.521532203194,0.688831728793466,0.688831728793466,-0.7894130743907187,-0.7894130743907187
Costa Rica,1663.6040244328233,1.3629257277085765,1.3629257277085765,-1.485856333171583,-1.485856333171583
Croatia,1821.4701198640255,1.7243790484352917,1.7243790484352917,-1.8170554546713014,-1.8170554546713014
Cuba,1419.2408797254475,0.9881339627533764,0.9881339627533764,-1.1332744189581825,-1.1332744189581825
Curaçao,1520.3754474702075,1.2218319223372047,1.2218319223372047,-1.3721728216459474,-1.3721728216459474
Cyprus,1385.9719093177084,1.284136672249292,1.284136672249292,-1.3686543134850604,-1.3686543134850604
Czechia,1691.679441180527,1.5937166842005335,1.5937166842005335,-1.703528861886186,-1.703528861886186
DR Congo,1538.6288423649128,1.659489689206131,1.659489689206131,-1.8984405659183918,-1.8984405659183918
Denmark,1782.9289187493368,1.7717517552586728,1.7717517552586728,-1.8373628598358638,-1.8373628598358638
Djibouti,1069.2204783717639,1.1401354270735584,1.1401354270735584,-1.275458683706537,-1.275458683706537
Dominica,1279.4331801714793,0.6596351559320819,0.6596351559320819,-0.8135346684839622,-0.8135346684839622
Dominican Republic,1464.8064806942166,1.158771909203637,1.158771909203637,-1.3058758491933908,-1.3058758491933908
East Germany,1644.3349645374747,1.5128880068340242,1.5128880068340242,-1.633393616457426,-1.633393616457426
East Timor,1062.1836556112553,0.7727572524741183,0.7727572524741183,-0.8568199618438929,-0.8568199618438929
Eastern Samoa,1149.798976512037,0.5028324440614348,0.5028324440614348,-0.44456035414600376,-0.44456035414600376
Ecuador,1793.6451215799875,1.6622640397074868,1.6622640397074868,-1.9593073300810044,-1.9593073300810044
Egypt,1632.984339629365,1.6788870935051925,1.6788870935051925,-1.9102565469853363,-1.9102565469853363
El Salvador,1482.9546669198514,1.0424837997873033,1.0424837997873033,-1.251776562035484,-1.251776562035484
England,1886.0662385038133,1.8127233631893693,1.8127233631893693,-1.9923285823758277,-1.9923285823758277
Equatorial Guinea,1392.086424476809,1.4554099393127296,1.4554099393127296,-1.6257990971345795,-1.6257990971345795
Eritrea,1202.9416139668856,1.377548075770578,1.377548075770578,-1.552580501207434,-1.552580501207434
Estonia,1409.3680126079814,1.303494737501286,1.303494737501286,-1.4149721237793842,-1.4149721237793842
Eswatini,1185.4668338510694,1.2849184360349053,1.2849184360349053,-1.435438533701481,-1.435438533701481
Ethiopia,1305.9459057885515,1.4079745180709293,1.4079745180709293,-1.5891555891423284,-1.5891555891423284
Faroe Islands,1374.7625536960873,1.3348725536636024,1.3348725536636024,-1.5207406492173685,-1.5207406492173685
Federated States of Micronesia,1400.0,0.7,0.7,-2.1,-2.1
Fiji,1423.6350088363408,1.1286952413368045,1.1286952413368045,-1.2376474273787672,-1.2376474273787672
Finland,1552.8179190059482,1.4280651010474925,1.4280651010474925,-1.5899740929505122,-1.5899740929505122
France,1939.6596815489152,1.8819391042810674,1.8819391042810674,-1.9545077815177465,-1.9545077815177465
French Guiana,1424.582392955263,1.0074494609202769,1.0074494609202769,-1.0956679311696313,-1.0956679311696313
Gabon,1412.8995508497296,1.5820741604164543,1.5820741604164543,-1.5970363076573157,-1.5970363076573157
Gambia,1371.8672632661662,1.6340567015987781,1.6340567015987781,-1.6498037129286862,-1.6498037129286862
Georgia,1596.7544068921502,1.5665782604357281,1.5665782604357281,-1.6646846976799459,-1.6646846976799459
Germany,1867.1222908688708,1.8200707083531766,1.8200707083531766,-1.9041742091466252,-1.9041742091466252
Ghana,1478.3589676398838,1.5922804865538054,1.5922804865538054,-1.747345022814546,-1.747345022814546
Gibraltar,1226.4288200291783,1.0052234643995825,1.0052234643995825,-1.2021226903558855,-1.2021226903558855
Greece,1688.167629995914,1.6054390803394962,1.6054390803394962,-1.7834571680270745,-1.7834571680270745
Greenland,1437.6626092218237,0.9953781123415467,0.9953781123415467,-1.1204526167652613,-1.1204526167652613
Grenada,1359.0249687970056,0.8949219673806837,0.8949219673806837,-1.0117572181455152,-1.0117572181455152
Guadeloupe,1490.2140059349401,1.1655292887603181,1.1655292887603181,-1.2392852182553167,-1.2392852182553167
Guam,1184.9672280762898,0.8135394578184815,0.8135394578184815,-0.8843670040036236,-0.8843670040036236
Guatemala,1568.7783151727033,1.2850825236556886,1.2850825236556886,-1.401954464421634,-1.401954464421634
Guinea,1411.0862111267768,1.5486266271365006,1.5486266271365006,-1.7268238987241964,-1.7268238987241964
Guinea-Bissau,1275.0837046421752,1.3580011314055236,1.3580011314055236,-1.5724149883129144,-1.5724149883129144
Guyana,1449.2314230437782,1.0812160494768397,1.0812160494768397,-1.124401797248271,-1.124401797248271
Haiti,1583.3687444093352,1.323196020024651,1.323196020024651,-1.4803153261092152,-1.4803153261092152
Honduras,1601.9021124816215,1.2702485627694933,1.2702485627694933,-1.508849508513542,-1.508849508513542
Hong Kong,1335.34613347289,1.1703215018925115,1.1703215018925115,-1.2837825555240339,-1.2837825555240339
Hungary,1692.5651253299625,1.5497454093583587,1.5497454093583587,-1.7054468790913386,-1.7054468790913386
Iceland,1554.212971509713,1.5207575503130653,1.5207575503130653,-1.5884571486570835,-1.5884571486570835
India,1362.2416027685376,1.1029824815003066,1.1029824815003066,-1.293084279038388,-1.293084279038388
Indonesia,1450.8515422275912,1.290776136460557,1.290776136460557,-1.4740742490205094,-1.4740742490205094
Iran,1757.8501843191523,1.620304086350604,1.620304086350604,-1.7858987121546246,-1.7858987121546246
Iraq,1653.047142855329,1.473392363115018,1.473392363115018,-1.6633168919709378,-1.6633168919709378
Ireland,1641.6419134262649,1.5192940077955386,1.5192940077955386,-1.6940357658217533,-1.6940357658217533
Israel,1577.7258625408872,1.550772657505723,1.550772657505723,-1.5967284826975516,-1.5967284826975516
Italy,1834.3816409811805,1.7165947382730415,1.7165947382730415,-1.8005308785248209,-1.8005308785248209
Ivory Coast,1618.8135741016954,1.7614094172209684,1.7614094172209684,-1.8916462827007297,-1.8916462827007297
Jamaica,1611.9866087913722,1.2799950248394507,1.2799950248394507,-1.5191342875200973,-1.5191342875200973
Japan,1833.7665103544477,1.7718690156630754,1.7718690156630754,-1.9562160617718012,-1.9562160617718012
Jordan,1628.0636660290186,1.6247340817541482,1.6247340817541482,-1.7291447633337256,-1.7291447633337256
Kazakhstan,1436.1144819255423,1.3280470190964204,1.3280470190964204,-1.5347696237758943,-1.5347696237758943
Kenya,1378.0202970189735,1.422595774288013,1.422595774288013,-1.5701359561173989,-1.5701359561173989
Kiribati,1331.0522117175492,0.8201633327911535,0.8201633327911535,-1.1609778684025407,-1.1609778684025407
Kosovo,1612.7746146154475,1.5713041740139315,1.5713041740139315,-1.7270916256353452,-1.7270916256353452
Kuwait,1440.951221866868,1.3546367501197918,1.3546367501197918,-1.4239002225036728,-1.4239002225036728
Kyrgyzstan,1404.5224445361494,1.3145351412810902,1.3145351412810902,-1.399375816930821,-1.399375816930821
Laos,1124.7451301273522,0.837310759252226,0.837310759252226,-0.9482217269624332,-0.9482217269624332
Latvia,1375.3965876548818,1.2257213242709524,1.2257213242709524,-1.4605359592143103,-1.4605359592143103
Lebanon,1443.4729843842263,1.2776380104762626,1.2776380104762626,-1.480365554763452,-1.480365554763452
Lesotho,1242.4204528101732,1.257517707088953,1.257517707088953,-1.4873469053308912,-1.4873469053308912
Liberia,1275.3806590876131,1.3956856059125946,1.3956856059125946,-1.5384781289039025,-1.5384781289039025
Libya,1400.8310140342353,1.4774778101927502,1.4774778101927502,-1.7147289596138275,-1.7147289596138275
Liechtenstein,1138.0568997490072,0.9628653956399554,0.9628653956399554,-1.0928160624847996,-1.0928160624847996
Lithuania,1351.2903849267336,1.2516116101561483,1.2516116101561483,-1.4396179487775949,-1.4396179487775949
Luxembourg,1435.6959175739296,1.316575257420655,1.316575257420655,-1.5435165452339066,-1.5435165452339066
Macao,1066.8884750338423,0.6317633720554664,0.6317633720554664,-0.7755263743745315,-0.7755263743745315
Madagascar,1346.3343613100822,1.5481744395021324,1.5481744395021324,-1.6187210529044977,-1.6187210529044977
Malawi,1279.8311510580756,1.3154871919097848,1.3154871919097848,-1.5732799146842735,-1.5732799146842735
Malaysia,1458.5850671024655,1.247005217655157,1.247005217655157,-1.3804285651267132,-1.3804285651267132
Maldives,1184.1220997622688,0.8690202975888875,0.8690202975888875,-1.0269184419354347,-1.0269184419354347
Mali,1526.1176982219251,1.6050887641024243,1.6050887641024243,-1.88844004819286,-1.88844004819286
Malta,1329.5901057414771,1.184625379996298,1.184625379996298,-1.3433281179016558,-1.3433281179016558
Martinique,1488.027670163704,1.0418936195254906,1.0418936195254906,-1.2653167611677867,-1.2653167611677867
Mauritania,1328.145371684904,1.3997851339903122,1.3997851339903122,-1.6535843461817017,-1.6535843461817017
Mauritius,1153.9032883892535,1.2095235822655135,1.2095235822655135,-1.5217742442456335,-1.5217742442456335
Mayotte,1295.5918654947095,1.457051310841162,1.457051310841162,-1.694149442039335,-1.694149442039335
Mexico,1800.4391324319713,1.6132774408084978,1.6132774408084978,-1.842693173515366,-1.842693173515366
Moldova,1342.5095217367214,1.225324890398348,1.225324890398348,-1.3039692177618802,-1.3039692177618802
Monaco,1561.0512974958058,1.1063426312843871,1.1063426312843871,-1.3875357336575465,-1.3875357336575465
Mongolia,1162.1849598927333,0.8155344642608013,0.8155344642608013,-1.0009938775082674,-1.0009938775082674
Montenegro,1508.5784832207519,1.3444008908242822,1.3444008908242822,-1.4406062636894064,-1.4406062636894064
Montserrat,1328.4308042417554,0.7490566425486541,0.7490566425486541,-0.9125876415452195,-0.9125876415452195
Morocco,1736.7923200541027,1.766936906957407,1.766936906957407,-2.0118464620193506,-2.0118464620193506
Mozambique,1360.3551403730569,1.4783878812288143,1.4783878812288143,-1.5683079740229133,-1.5683079740229133
Myanmar,1260.1850374242827,0.9898259035935033,0.9898259035935033,-1.077450007192714,-1.077450007192714
Namibia,1306.3273514735502,1.352007935257905,1.352007935257905,-1.5833678815478924,-1.5833678815478924
Nepal,1181.2171596489268,0.8715607075326187,0.8715607075326187,-1.097639006130424,-1.097639006130424
Netherlands,1868.0935443097314,1.8209410327097157,1.8209410327097157,-1.9132623240188673,-1.9132623240188673
Netherlands Antilles,1366.5240861735126,0.7862493370283736,0.7862493370283736,-0.8651068746541712,-0.8651068746541712
New Caledonia,1459.0705257770549,1.3231822255021743,1.3231822255021743,-1.45185671861741,-1.45185671861741
New Zealand,1599.3034847833437,1.5954719397776582,1.5954719397776582,-1.7225870934501208,-1.7225870934501208
Nicaragua,1449.267927589698,1.1119205037645818,1.1119205037645818,-1.2769199349430975,-1.2769199349430975
Niger,1314.0857345203924,1.4996198377986134,1.4996198377986134,-1.663015082500576,-1.663015082500576
Nigeria,1617.769065049599,1.7664624172716898,1.7664624172716898,-1.9233142582770364,-1.9233142582770364
Niue,1387.0583608764518,0.7584031636347641,0.7584031636347641,-1.8217353340912321,-1.8217353340912321
North Korea,1478.4405141309585,1.3398065563292707,1.3398065563292707,-1.4462263114569303,-1.4462263114569303
North Macedonia,1569.5973091912133,1.4067174822854793,1.4067174822854793,-1.6104386318431698,-1.6104386318431698
North Yemen,1321.7556779665379,1.0433252726802855,1.0433252726802855,-1.2608539028597894,-1.2608539028597894
Northern Cyprus,1551.645060797962,1.274343373911168,1.274343373911168,-1.4644438532251967,-1.4644438532251967
Northern Ireland,1554.0261503140725,1.4703482651427335,1.4703482651427335,-1.6899936706539374,-1.6899936706539374
Northern Mariana Islands,1193.4284774655612,0.5831259138595246,0.5831259138595246,-0.6018149685402975,-0.6018149685402975
Norway,1746.9004055667044,1.808786395419086,1.808786395419086,-1.888266919901022,-1.888266919901022
Oman,1573.723079500522,1.405907705039731,1.405907705039731,-1.6238938571887003,-1.6238938571887003
Pakistan,1131.6221876116279,0.8348151133104832,0.8348151133104832,-1.0061074280394213,-1.0061074280394213
Palau,1384.461365856285,0.7289207839223697,0.7289207839223697,-1.97812063890048,-1.97812063890048
Palestine,1485.3582913548576,1.3918251037653353,1.3918251037653353,-1.5937494089906774,-1.5937494089906774
Panama,1699.200484253301,1.4580068742787917,1.4580068742787917,-1.610208974526355,-1.610208974526355
Papua New Guinea,1386.072492880272,1.1841963525642567,1.1841963525642567,-1.2568195308298276,-1.2568195308298276
Paraguay,1706.2261315019953,1.6354276810892734,1.6354276810892734,-1.8297962661160787,-1.8297962661160787
Peru,1661.6316803775617,1.489104197721885,1.489104197721885,-1.7080738128871173,-1.7080738128871173
Philippines,1349.0474808396375,1.1801924177580143,1.1801924177580143,-1.2742396659358812,-1.2742396659358812
Poland,1709.3601926749363,1.6294854392835627,1.6294854392835627,-1.7067144721791419,-1.7067144721791419
Portugal,1874.6742374042462,1.7665110389785328,1.7665110389785328,-1.870032643812439,-1.870032643812439
Puerto Rico,1386.4267777212533,0.9277886583386478,0.9277886583386478,-1.039320497676354,-1.039320497676354
Qatar,1591.4613130231028,1.3561061108122154,1.3561061108122154,-1.5018033650687097,-1.5018033650687097
Reunion,1399.5766937104368,1.5129064951525828,1.5129064951525828,-1.7164213828058583,-1.7164213828058583
Romania,1618.9220331056606,1.472567600991278,1.472567600991278,-1.6052506990575004,-1.6052506990575004
Russia,1737.0106740334813,1.6619096978587429,1.6619096978587429,-1.8223820322334081,-1.8223820322334081
Rwanda,1339.0141884308584,1.4131231609036932,1.4131231609036932,-1.6617998751759118,-1.6617998751759118
Saar,1508.802047560064,1.1199160195833464,1.1199160195833464,-1.2289732981306989,-1.2289732981306989
Saint Barthélemy,1500.0,0.8,0.8,-0.7,-0.7
Saint Kitts and Nevis,1373.3925931942904,0.8436658211952378,0.8436658211952378,-0.8440555433416269,-0.8440555433416269
Saint Lucia,1334.9443818894663,0.7610803729174296,0.7610803729174296,-0.8069705105743011,-0.8069705105743011
Saint Martin,1325.106437607133,0.725151912890581,0.725151912890581,-0.8194197452529035,-0.8194197452529035
Saint Pierre and Miquelon,1436.0529718572934,0.7290676997392567,0.7290676997392567,-0.518009531673774,-0.518009531673774
Saint Vincent and the Grenadines,1394.644366458033,0.9565546345238409,0.9565546345238409,-1.022685160769376,-1.022685160769376
Samoa,1273.2669186796456,0.8213735780565591,0.8213735780565591,-0.859285950046022,-0.859285950046022
San Marino,1054.2575646703528,0.961418948424964,0.961418948424964,-1.0678811387043197,-1.0678811387043197
Sao Tome and Principe,1120.4044746075515,1.1790569387172516,1.1790569387172516,-1.3449551886754993,-1.3449551886754993
Saudi Arabia,1616.793848388407,1.4431868537646557,1.4431868537646557,-1.6358703636284642,-1.6358703636284642
Scotland,1684.8851505971838,1.6200611352515137,1.6200611352515137,-1.7449019119602525,-1.7449019119602525
Senegal,1727.9412350740718,1.877104961135656,1.877104961135656,-2.0605797944720075,-2.0605797944720075
Serbia,1713.4528352150103,1.523352921489907,1.523352921489907,-1.714732772381935,-1.714732772381935
Seychelles,1033.0738774525641,1.0291239184127443,1.0291239184127443,-1.1094200099981792,-1.1094200099981792
Sierra Leone,1318.010441320128,1.4489619510519547,1.4489619510519547,-1.6128412013099425,-1.6128412013099425
Singapore,1358.6774224105413,1.1217170750820789,1.1217170750820789,-1.2512481956901274,-1.2512481956901274
Sint Maarten,1361.0317148549523,0.6554983291828528,0.6554983291828528,-0.7382396083427791,-0.7382396083427791
Slovakia,1638.7432043043286,1.537588435500495,1.537588435500495,-1.6990327532186433,-1.6990327532186433
Slovenia,1663.9623110322984,1.4952312248743218,1.4952312248743218,-1.7196238083330466,-1.7196238083330466
Solomon Islands,1386.0399744407043,1.1483705296336155,1.1483705296336155,-1.1570967197229995,-1.1570967197229995
Somalia,1064.0861528827725,1.1631134849957705,1.1631134849957705,-1.4597066569152848,-1.4597066569152848
South Africa,1526.7160757334009,1.6147783369190745,1.6147783369190745,-1.7382967815266297,-1.7382967815266297
South Korea,1754.3102484033388,1.6051388212721673,1.6051388212721673,-1.7923126997272172,-1.7923126997272172
South Sudan,1216.4355181082674,1.2570722456724808,1.2570722456724808,-1.4709320493862512,-1.4709320493862512
South Vietnam,1417.509202991769,1.0407653361262823,1.0407653361262823,-1.1406994939383803,-1.1406994939383803
Spain,1979.1798195824183,1.956758709941796,1.956758709941796,-2.044306178249311,-2.044306178249311
Sri Lanka,1146.090882084462,0.8983249292414387,0.8983249292414387,-1.0632492015878603,-1.0632492015878603
Sudan,1336.176600386409,1.3944031799854255,1.3944031799854255,-1.595318625197095,-1.595318625197095
Suriname,1517.3109496662737,1.242999588233492,1.242999588233492,-1.3933834389246131,-1.3933834389246131
Sweden,1701.4634503282812,1.627063808364514,1.627063808364514,-1.688374516815859,-1.688374516815859
Switzerland,1781.5997194861332,1.746718343949184,1.746718343949184,-1.8754356910425745,-1.8754356910425745
Syria,1510.7234537952959,1.4542719556972385,1.4542719556972385,-1.5932995237669871,-1.5932995237669871
São Tomé and Príncipe,1300.0,1.0,1.0,-3.5,-3.5
Tahiti,1449.2591480972487,1.1770964502598884,1.1770964502598884,-1.3185814724343325,-1.3185814724343325
Taiwan,1196.9724615976606,0.9676029249319211,0.9676029249319211,-1.0035069933271792,-1.0035069933271792
Tajikistan,1432.406425370009,1.2542537809639112,1.2542537809639112,-1.4005049243936258,-1.4005049243936258
Tanzania,1323.6771039533069,1.4102137651582822,1.4102137651582822,-1.6013531844682336,-1.6013531844682336
Thailand,1522.9426713174496,1.357323114291483,1.357323114291483,-1.4409755751259694,-1.4409755751259694
Tibet,1433.5681064750056,0.8412504631048028,0.8412504631048028,-1.4419101940172374,-1.4419101940172374
Togo,1347.7945372652573,1.4480896290948615,1.4480896290948615,-1.6789607648150828,-1.6789607648150828
Tonga,1196.1679735489151,0.6493671611052613,0.6493671611052613,-0.6523309545115186,-0.6523309545115186
Trinidad and Tobago,1505.877021402527,1.2070449447665579,1.2070449447665579,-1.2977263232192104,-1.2977263232192104
Tunisia,1583.0643061185267,1.639820427644582,1.639820427644582,-1.7968054615682694,-1.7968054615682694
Turkey,1771.8192136679984,1.7119552305301549,1.7119552305301549,-1.8302733584611193,-1.8302733584611193
Turkmenistan,1381.889096638683,1.1909465669059254,1.1909465669059254,-1.3107240234071358,-1.3107240234071358
Turks and Caicos Islands,1254.6990974067496,0.28949039348561617,0.28949039348561617,-0.41762544187314005,-0.41762544187314005
Tuvalu,1321.4268773731437,0.8585483417819407,0.8585483417819407,-0.8231614617659511,-0.8231614617659511
US Virgin Islands,1173.1357708912167,0.36841572886344875,0.36841572886344875,-0.42284254832211965,-0.42284254832211965
Uganda,1394.5547900824326,1.5134784569605042,1.5134784569605042,-1.6192707476020312,-1.6192707476020312
Ukraine,1725.279668367214,1.601421059268179,1.601421059268179,-1.693263446109046,-1.693263446109046
United Arab Emirates,1592.4531755062799,1.4693870408971481,1.4693870408971481,-1.6335951037765137,-1.6335951037765137
United States,1765.7194873961969,1.596212779219834,1.596212779219834,-1.675507949967032,-1.675507949967032
Uruguay,1803.3163520915941,1.6215259699375433,1.6215259699375433,-1.8875748418684661,-1.8875748418684661
Uzbekistan,1711.9622719879196,1.5827221781621574,1.5827221781621574,-1.7958185330525975,-1.7958185330525975
Vanuatu,1387.2660744993507,1.1603391469656652,1.1603391469656652,-1.2231444294844969,-1.2231444294844969
Vatican,1528.650298225503,1.087777569042391,1.087777569042391,-1.386398218176179,-1.386398218176179
Venezuela,1679.3590423303704,1.5648802124347514,1.5648802124347514,-1.7265822393101071,-1.7265822393101071
Vietnam,1494.9297009649538,1.284140229253597,1.284140229253597,-1.4008818851632914,-1.4008818851632914
Wales,1682.8200345458972,1.5437421045271065,1.5437421045271065,-1.6582983853517046,-1.6582983853517046
Wallis and Futuna,1321.2034932466818,0.9047006501672722,0.9047006501672722,-1.1478855315694545,-1.1478855315694545
Yemen,1303.8725787573942,1.221264034890727,1.221264034890727,-1.2849678027376208,-1.2849678027376208
Zambia,1375.0896007322413,1.4324231644331273,1.4324231644331273,-1.6325320874764668,-1.6325320874764668
Zanzibar,1263.7560696025469,1.4632572536069268,1.4632572536069268,-1.6761193372040046,-1.6761193372040046
Zimbabwe,1329.556810433591,1.4979953982398349,1.4979953982398349,-1.6247497165290403,-1.6247497165290403
